0.7823954545412155,-0.5275695092943926,1
-0.46508932970497774,-0.6123210580478227,1
-0.7938048538506647,-0.0326333938033494,0
0.692262589052453,0.7499397455092038,1
0.9095652853829151,-0.033014135372468806,0
-0.8564974910897336,-0.0942693090468118,0
1.2240631703915716,-0.047649620276281675,0
-0.5130660313849584,-0.7144303404734286,1
-1.146287145643635,-0.1165438085607303,0
-0.9182807372306121,0.2040102005500831,0
-0.9614549398287053,-0.7145291946102138,1
-0.6926383210878347,-0.6397209449252041,1
0.8162163847027396,0.006942658778514123,0
-0.8553609027960296,0.10823058838508716,0
0.6314095343879941,-0.5417151364152648,1
1.032704721206601,-0.0121071533975823,0
0.8710030431691855,0.0760388915657397,0
0.8076944157659425,-0.6282851708103379,1
-0.9374237500086915,0.057118835971449226,0
0.6400077739145263,0.533333596238383,1
-0.728551525628729,-0.5536643383134363,1
-1.0799987616699178,-0.8198884673627174,1
-1.1619421869638964,-0.27081442348782725,0
1.087988033767942,-0.04728189460949702,0
-0.4775201209099149,0.8557741420771179,1
1.193000237197903,-0.07319282676291963,0
1.0649241923516632,-0.04902899246400045,0
-0.8550735965333038,-0.6363298067227932,1
-1.2591695270433394,0.1672472892032887,0
0.6165884439860491,0.5019047396822113,1
1.0125151949069593,0.20185543679890902,0
0.5364081405667416,-0.9603269304767992,1
0.745363861230246,-0.6680937833903478,1
-0.953052145056604,0.005052957289725367,0
1.1364438014853109,0.056670951505297364,0
0.8649365826446952,-0.0876012182396743,0
0.9249106385126499,0.04444560526647518,0
-0.7290832965162586,0.6698892108581846,1
0.7339880135515124,-0.755238010011482,1
-1.221682107083589,-0.03413736914732655,0
0.8969790695495354,-0.024830559553611718,0
0.6348703833377306,0.7465608585576319,1
-0.8846520556680741,0.6845112287451232,1
0.7595906598587604,-0.7283389835937362,1
-0.7820398850346374,-0.8525108478297367,1
-0.8886579954342771,-0.12159350845996689,0
0.8145499610684898,-0.6714480900942948,1
-0.6709027457510247,-0.7052454116459073,1
-0.883498210946129,0.00961710688518642,0
0.8767141310144336,0.8078146350111726,1
0.7733859771166562,-0.5443496422384798,1
1.0796005831272877,-0.2960729893872831,0
-0.5571512997919127,0.5723220800375436,1
0.9698462793480176,-0.044176575787439054,0
0.5898876880296327,-0.5262192668928931,1
0.7261826195510772,-0.6984918744039665,1
-0.8455690669127959,-0.755440915031456,1
-1.0792486234952567,0.0394169919057951,0
0.6579485821342118,-0.7689382111385751,1
1.1314496683483946,0.07275288820980812,0
0.990740157360931,0.010059521819235175,0
-0.7616655350295047,0.05722997739600694,0
0.7959867719247066,-0.6545388041615774,1
0.8103888688509058,0.13087119147274623,0
0.7643543390787684,0.015408507181940864,0
1.0274003548176562,-0.0075097280576764455,0
-1.1035688910005395,0.06217649633831318,0
0.641073768670129,-0.5928424833747675,1
0.6789920196736974,-0.7462490422137459,1
0.917383329903574,-0.006430285777448325,0
1.1724888444604395,-0.15937969709553004,0
-1.1966211863839833,0.13542549585531122,0
0.6926494402134328,0.6405987455056713,1
-0.5562475649648563,-0.767970328852547,1
0.5542115939674944,-0.7424242852618133,1
1.059067175733106,0.09755234171034698,0
-0.5813539265721289,-0.6432262380910356,1
-1.0638846864835814,0.1359724951839858,0
0.8473612805503365,-0.09177800975391105,0
0.6063667785778056,0.8509721186147681,1
0.4249068321459267,0.7012571377774921,1
-0.9079267905193121,-0.058230926245055936,0
0.5447893602270908,-0.5606441831215188,1
-0.7796278990169134,-0.7509451539081249,1
0.9685386025269318,0.048897913526608223,0
0.7124178983249115,-0.6407692361245463,1
-1.0653199805084592,0.018988491220684266,0
-0.5333624555322718,0.6206138572179165,1
0.9280015830994528,0.10601176209094391,0
0.41788845078986375,0.5358130065280292,1
1.2596391953966508,0.21876122325746292,0
1.3240777869292075,-0.3391495541338176,0
0.567872194237348,-0.8079849346734456,1
1.0512857563445017,-0.0695131843785398,0
-1.0066114972104458,-0.09687289633500243,0
-0.8549728833390203,0.06655705138359697,0
0.8808889235856746,-0.08935039489288135,0
-1.0025475123361764,0.048717213184370126,0
-0.6837812710309259,0.8877798788770981,1
1.258974017829306,0.08271461212193962,0
1.1923584265187346,0.018558284752710843,0
0.6281161360725828,0.6333909469176946,1
0.9562648655751265,0.19229391327859696,0
0.6720516258029783,-0.5960129155124988,1
1.1488779420562025,0.11327169448964693,0
0.6603546101135492,-0.6600678017348355,1
-1.208895935589686,0.04181359414780468,0
-0.9743670500062556,-0.059233768338389135,0
-0.5647123020611382,0.7181397142081946,1
-0.9550552968131938,0.673950502276513,1
0.6779404297000207,0.6267693113328496,1
-0.7600390508865865,0.8053393071946039,1
-0.8525825716945153,-0.1714967345201971,0
0.8882935309024577,-0.1926730024253581,0
0.4059530724179683,-0.7628918591761898,1
0.7750018224154943,0.6170699672714554,1
-0.7832730687996735,-0.6861400097681881,1
-1.1489410685609869,-0.025996456458732723,0
0.6278632121632288,-0.515632062966402,1
0.680913795364329,0.74150391411092,1
-0.8217656994842024,0.802787839570229,1
0.7180557233416925,0.698418384965433,1
-1.1350879084445549,-0.024805976363968495,0
-0.8759091327656697,-0.08823601088055508,0
-0.7331419688011659,-0.6223834798009413,1
1.0581001863919965,0.3393576368668703,0
0.7082611613678556,0.5603496563147559,1
-0.6758802916862947,0.6872326529118323,1
1.09877957541686,0.1332472422576347,0
-1.0946121032280902,0.7026721676078638,1
0.932802792808227,-0.15335315597069127,0
-0.7037067171696019,0.7391844410379931,1
-0.5442934153562035,0.7227743159869343,1
1.2218846922057536,-0.03248348854235804,0
0.7141983312983615,0.7746962391841907,1
-1.290441089646242,-0.16262229163703337,0
1.1684174952821889,-0.18052968979386105,0
0.9169624363833375,-0.5447079525476543,1
-0.9815566591114868,-0.26621691911738843,0
-0.6107574197799327,0.6404265819415161,1
-0.7473604304939165,0.6363358763485162,1
1.0158615840285243,0.06278352241808069,0
0.8686791184668234,0.6196464772502434,1
-0.572953085163758,-0.5778820754217013,1
-0.8624914788908983,0.05751807957805817,0
-0.8239646800661842,-0.7820003542355939,1
0.569603007683025,-0.6475548036602421,1
0.9054482044702586,0.022163982325863935,0
0.7300373028265159,0.7161336258392649,1
-1.0923956397231072,0.046934376855920494,0
0.5773488823258087,0.8545349362116464,1
0.5329280427486972,-0.44289965069312,1
0.8943903656096088,0.0070106840595155415,0
-0.9185348323469196,-0.7251770500042961,1
-0.7310488619809956,-0.6207156332918352,1
0.8706235300918019,-0.10127425240060371,0
-0.5331105988667149,0.6025348337623203,1
-0.6695187343095599,-0.6626247408273971,1
-0.6456651691343664,0.6998329968167661,1
-0.8439300892641444,0.9002719475494613,1
-1.1181580973556293,0.09940073588464608,0
-0.9461153842181504,-0.05561123878737545,0
0.7578511267806147,0.7993557426756608,1
1.0906796825831242,-0.24082846566216268,0
-0.9567994310905749,-0.1271477731000062,0
0.7676678628177273,0.8166466108896074,1
-0.5140135879034996,0.6467061778639901,1
1.0053535886424896,0.00968473323442622,0
-1.0312360793131847,-0.07490163783103868,0
-1.1036346196226379,-0.2489266933357455,0
-0.5169369190914571,-0.6070483253752327,1
-1.0886436750111559,-0.04603094368052715,0
0.6883958071666783,0.8681472324666817,1
-0.846918582142335,-0.6571479391039661,1
1.2732307376892669,-0.019597025518933834,0
-0.7735455979527333,0.6140159448724153,1
0.8504229457304494,0.02709933594952811,0
-1.0377314053568818,0.04879480818254595,0
0.7851164915622787,0.8816581798095827,1
-0.5859990942986936,-0.7133458487738096,1
-0.947416545986448,0.013594745611680044,0
-0.9258146302160909,0.1648861733254275,0
0.8516932760643989,-0.15304481304551612,0
0.9157677640492794,-0.0770777566989666,0
0.847573230598011,-0.0688638691623277,0
-0.5614204965835718,-0.6146337577076901,1
-0.685109340968077,-0.8770840724120935,1
-1.2012144991253986,-0.26962380010705667,0
0.7852916049243552,0.649893808526466,1
-1.0898140396516227,-0.24059695116531968,0
-0.6920326779674348,-0.6949233743053099,1
0.7635969677267987,-0.6255101774218421,1
0.8654324239647118,0.648123970096941,1
0.6773532173474831,0.852762972408178,1
-0.710406102142995,-0.826133764889535,1
0.9941508068236182,-0.02687101709057876,0
-1.172886268972961,-0.0542736188757621,0
-0.8468222044052272,-0.44988366237714417,1
-0.7089563908602291,-0.5791996455792799,1
-1.0343926646625348,0.13390054884722116,0
-0.6166136956751577,-0.5423630153649499,1
-1.2275497117232863,-0.09145990373633832,0
-0.49874328087579356,-0.5790101851332051,1
0.9732558905119468,0.14141565485528215,0
-0.8224418009599872,-0.21322774784846407,0
-0.9938939782557359,0.07351718667636169,0
-0.8421641142188061,-0.6519804705394673,1
0.9317553861980251,0.6144950130583495,1
-1.0435669528012197,-0.0015917812058106042,0
1.1228099528756825,0.1367878303617676,0
-1.045377152818558,0.13726811019926874,0
0.673558893893755,0.7003031595709209,1
1.1065861826566252,-0.24670130696077877,0
0.9455359786712683,-0.5461522338340187,1
0.7724352552034236,-0.5808318786247277,1
-1.1217298164037848,-0.226773595623731,0
-0.8538057061035336,0.025875420049365026,0
1.064906451229285,-0.03598010768232042,0
-0.4969746956220331,0.66303117939158,1
1.0694097307449117,0.20617885797210941,0
0.9420362068673961,-0.010614468507578889,0
-0.6061771883559864,0.6524243163535065,1
-0.9459644358250736,0.5359320215856622,1
-1.1151781676963959,0.14284793825603212,0
-0.6273626505744903,-0.8764863757115223,1
0.6929726067132748,-0.8622519071883961,1
-0.8695678349743003,-0.8883411295061326,1
-0.9129606205737774,0.21447857512859358,0
0.6377726057402497,1.0633032097360697,1
-0.6965169030497129,-0.6089031683997914,1
0.7305056950118479,0.7301572990434444,1
-1.003585532732768,-0.14086673351269435,0
0.495454216027001,0.818016077290453,1
0.5910563882692829,0.7204012628265736,1
1.0294606761142666,0.11799279502104619,0
-0.9878546597411649,-0.11608226802587822,0
1.1514068151780128,0.039748782612816204,0
-1.0760239036048609,0.05001854801632768,0
0.913444098824983,-0.6102596660554181,1
0.9374606482072443,0.1840382334612224,0
-0.9624283712455635,0.5791039117476677,1
-0.7048227847099557,-0.7567191908871871,1
0.8456746577278281,-0.5357243618557824,1
0.5852396938892833,0.7667218038605954,1
-0.7579370533616512,-0.6440334620027371,1
-0.8487376214615229,-0.016570573670123535,0
-0.7745523548681141,0.6069308086577712,1
-0.9048836867902497,-0.6044940986540438,1
0.8880250482542124,-0.8996836987049521,1
0.7275434137824213,0.6620948875125212,1
0.6483292621269301,-0.6290005857313296,1
-0.7132236638553252,0.7910790873444906,1
-1.135356355687051,-0.10988475435036889,0
-0.6181588714571897,0.6898877252307517,1
-0.8883297937954886,-0.010836616184019068,0
0.7694461959155888,-0.767794682134765,1
0.7867382479411802,0.9314005041437401,1
-0.6526058811529369,-0.7718513975997279,1
-0.6867751551053902,-0.8015576675342981,1
0.6478978108164642,-0.6452797472663887,1
-1.0279038813044714,-0.24125066547308693,0
1.120543744262264,-0.05840972278070518,0
-1.0507898312671473,0.1342174094116429,0
0.9464571399547492,0.06170026174300482,0
1.1238831022682927,0.07614792184626602,0
0.7688948395824422,0.7563264335017915,1
1.1166203289821495,-0.2239574737945649,0
-1.225574206475066,0.07362707249058353,0
0.7692511171304751,-0.6227757963459294,1
0.7980172404386179,-0.5748761898588612,1
-0.8579573729322649,-0.0789342867613804,0
0.8052448882129354,-0.03934443382043014,0
-0.8646228336297805,0.5792752414983687,1
-1.1034627447495282,-0.08618757112306245,0
-1.0399733044620219,0.02187351626257346,0
-0.876888788728706,0.04752160504478395,0
-0.9521638406465693,-0.03275681663617888,0
-0.5296005374815606,0.8309562116512883,1
-0.9558086772874602,0.6305597131015116,1
0.9013287692419244,0.12343564591150995,0
-0.732813125168354,-0.7364499190735915,1
-0.6392526720573243,0.7953440533723959,1
-0.6946212951554803,0.6474426377014112,1
0.5378431112006105,0.7151236612305223,1
0.6870669088701867,-0.7343082874151766,1
-0.9510981745729119,0.04798500089651144,0
0.9185471261905216,0.014169753730237992,0
-0.7529912631965494,-0.9148548698549955,1
0.6836578470901911,0.6698509684915605,1
1.0042872181641076,0.05827862564352834,0
0.9169402760076364,0.07918151325401508,0
-1.0519649885002398,-0.0765841643060795,0
0.9134248204684864,0.25669965097935815,0
0.6515447725554286,0.5986128717966067,1
0.582279233516685,0.5956964675810507,1
-0.9216481061949313,-0.041195660886719276,0
-0.9070548582563348,0.09702844419889806,0
0.9682029038283848,-0.11464637111664103,0
0.726148342582538,0.5948864064720543,1
0.9822292808835432,-0.1293206749170182,0
0.6848602778218303,0.6653165641299412,1
-0.9542692777390749,0.0859946442667251,0
-0.6331190958262106,0.913132783870671,1
0.9860598586715268,0.6492142875480981,1
-0.9153909070794343,-0.8188171926161307,1
0.7692697061479594,-0.8336218823420638,1
0.927497402968514,-0.02391971134404964,0
-0.8887191114007711,-0.658493702472959,1
-0.8816917459377713,0.013026944509770783,0
1.1347020896191946,0.15033810141174928,0
-0.5270854662907374,1.034217074342419,1
1.1508497767043115,-0.1472851152593765,0
1.0159188706598659,-0.11263118568972218,0
-0.7050399974747819,-0.7465832160753891,1
-0.8632796943970608,-0.04663137720665882,0
0.8238937060022843,-0.33381568220220115,0
0.8132916729289407,0.6426393353837286,1
-0.3119020622615194,-0.5985360071704074,1
-0.760609928663125,-0.8283893256364201,1
1.1332951480427214,-0.06137802867134876,0
0.9175082784364973,0.06553654516133932,0
1.0258219683156875,-0.13798979307812204,0
-1.1115669524143243,0.0731438586305528,0
0.8208104359940972,-0.05886396592475957,0
0.7072362109979006,0.5795710871172907,1
0.8294609255521297,0.0030831162674029235,0
0.8956584222008446,0.16412273530486687,0
-1.1765007244704588,0.06855228960775436,0
1.08438686889355,0.34872944152088686,0
-0.9571948187752827,0.05770034997726095,0
0.8790648834276831,-0.160149707099615,0
1.0125767870868598,0.15903415682179997,0
1.035223521316574,0.21805898127421536,0
-0.8625058767885462,0.07895585925354004,0
-0.942148862172622,0.8495554212348888,1
-0.7524780343854758,0.6597506224871855,1
1.0045836473794798,0.027777616184941047,0
-0.7980190725821512,0.07650020732172982,0
0.8574268384801496,-0.13564679252373069,0
1.2124850485011187,-0.04835414412134311,0
0.9158695734321646,-0.022934025657618803,0
0.7986782855949969,-0.9045768259966385,1
0.9469508262666267,0.015766765002880295,0
-0.7117663816594515,0.006759524679027448,0
1.0968220780149749,-0.09507040333952944,0
-0.7810200734673965,-0.7165310460133977,1
0.693210365065265,-0.604261573865921,1
-0.5738700459381104,-0.7392596602053348,1
0.6215287593426495,-0.7120912800346559,1
0.7298498032895007,0.7047106625750581,1
-1.0766091731873477,0.048408155789426616,0
-0.8629446793053542,0.07061441648682958,0
-1.171552442523709,0.09084719356858664,0
1.0151484242419229,-0.06549191418577366,0
0.8312287557875007,-0.13891603593970847,0
-0.8077218439213766,-0.6200783743835411,1
0.661863519926126,0.9102297783424955,1
0.8936098867617095,0.7679797144339005,1
-0.8877359096292605,-0.07231174489778087,0
0.9645507652147375,-0.05992253808316682,0
-0.707461682982325,0.860789743485231,1
-0.7515285156812122,-0.4512167175478882,1
0.5134026194473646,0.695383365973992,1
0.6493088451934648,0.6904377627782552,1
0.8589711185678887,0.017220001212808065,0
-0.5353998587885136,-0.5795647943256536,1
0.6303951148404374,0.5500466684583042,1
-0.615432038781598,0.6621372898431394,1
-1.0255278055915693,0.05180733071812937,0
0.7035629224400458,-0.4979410376519483,1
1.0102828209586083,0.012098426871613707,0
0.9728723218180564,-0.057356346711120845,0
1.0935103341270114,0.12846897998104184,0
-1.0040101787356657,-0.06258297951794496,0
-0.49691784666046346,0.633941696317717,1
1.0539282413009095,-0.009459381868355349,0
-0.5496878530741811,0.7190060629295717,1
-0.9354545339654504,-0.779085303896633,1
-0.5654227201015467,-0.7588483071047456,1
-0.5156572712681293,0.592151596931856,1
0.7458471347260138,0.8846254272503448,1
1.0401205172617252,0.26980064330080217,0
0.4412964661886834,-0.7211267973744634,1
-0.815041136273704,0.8436861817682032,1
-0.6806915361950958,0.6130723890083851,1
-0.6134307464470646,0.7415102519082266,1
0.9325145773210226,-0.12165918519456746,0
-0.8882088662257429,0.8154176391597254,1
-0.5922850590624229,0.7248121803366425,1
-1.0296594887462234,0.16222991253970095,0
0.5280467316564129,-0.6163083847825184,1
-0.7468958944335312,0.5925179546245706,1
-0.7346898586465553,0.6901145806582125,1
0.7320483104923493,0.675329840128684,1
-0.6875941729632401,-0.796531289075635,1
1.0976693583105166,0.03065984474639685,0
-1.0725830507448404,-0.04286408678462579,0
0.9420519886510157,0.008563222374419482,0
-1.158522831815672,0.03534011090851007,0
0.745557612688801,-0.13618846534046927,0
0.7469867597940453,1.0638391657973365,1
0.9269940187152169,-0.22582693136367465,0
-0.801423130703773,0.052945906674878036,0
-0.7822091016645184,0.8335554974972896,1
0.9662485142063989,-0.05505790099104657,0
1.130764122748909,0.023485944076287003,0
-0.8184666379777478,-0.6123996636201176,1
-1.0249807872045622,-0.12546637521927229,0
0.7730848069760505,0.9097680731129774,1
0.5142437984679599,0.9415021919963507,1
-1.046046897765222,-0.10864690450493829,0
-0.7098813094242378,-0.19052274688946824,0
-1.0684742870239374,0.06867588187513689,0
0.8034316016638864,0.7038751372897225,1
0.9098335084682999,0.03787352290212646,0
0.7031512697342658,0.7172962019575089,1
-0.9166506188854182,0.27804434087456187,0
-0.7315212371219042,-0.6001258432938908,1
-0.9815452156400464,-0.12343275663995033,0
1.0999773892736429,0.0586163885136117,0
0.7406309098082235,-0.09846099234461274,0
0.9128646625470084,-0.010173803225275087,0
0.6278303417942639,-0.6795337984721449,1
0.7351421985525771,-0.6204395061225572,1
-1.2312907821760872,0.114245369401035,0
-0.9246138770976652,-0.08203754669482267,0
0.7732979260668299,0.7099483077006802,1
-0.6580882897931288,-0.7228036789936925,1
-0.8509222718410561,-0.8876257009706197,1
0.8648249033492847,-0.07424331119739411,0
-0.7696471127753031,-0.6099542631480077,1
0.7720194863153751,-0.7466875960481417,1
-0.9580632137399514,-0.11680311495116902,0
1.1723642538526962,0.10434927578045454,0
0.9332969293000014,-0.01389031550825586,0
-0.47143305497815036,-0.6120701696989468,1
-0.7523723840780875,-0.7594755366587841,1
0.7602809997224566,-0.6207849968383105,1
-0.8178391813613012,-0.5152749185998781,1
0.6431945942671999,-0.7648832088221795,1
-1.0300647780773926,0.08972490182959458,0
0.5777115148140791,-0.4160733248208101,1
-0.5830595336813796,-0.5633702740587436,1
0.8771006811938182,0.7931910140835347,1
0.8278962550782191,0.6771304002277527,1
-1.1129296425978745,-0.08401409091162301,0
1.0132833965950971,0.06567862159243752,0
1.137956519779077,0.024280046923297247,0
1.134626253412007,-0.18069627515149517,0
-0.5421928228893845,0.5330898019429252,1
-1.1197769496651733,0.12360461599474867,0
-1.0767179763756545,-0.05075331469252624,0
0.8168619656187974,0.1064528390616374,0
-0.9107231651453203,0.7177623578495945,1
0.8568415968191889,-0.6809577022840281,1
0.7076007892767375,0.7376948349879234,1
-0.7761737650778341,0.21482274999634815,0
0.3900699192671781,0.86686298940517,1
-0.6544885348347463,0.9366232562670991,1
-0.5490865897288315,-0.5944483173249013,1
-0.5893537676031432,-0.871834500032002,1
-1.2380580512103738,-0.06025701474213222,0
-0.5394393804313856,-0.7217823349846346,1
-0.8705259535221204,0.6812933052278384,1
-0.7193691278854448,0.7771872295473664,1
-1.0317219675602165,0.06529884424768237,0
-0.9543441852680628,-0.008055515424524729,0
0.6620143258489884,-0.7003359924549675,1
-0.9003222526047943,-0.8505966272428845,1
-1.2105558347088454,0.12000323608264273,0
-0.9820574908247023,-0.011006497558408363,0
0.8048318100228098,-0.7470827376612105,1
0.7220898615870567,-0.6916242532407565,1
0.809348800166934,-0.6394948926711893,1
-0.7159483915354223,-0.5691997499141215,1
0.8133571849110597,-0.05538204823502079,0
-0.834073361180654,-0.6604050006247939,1
-0.7509373922963383,0.709387919009201,1
-0.995562834094364,-0.3127000553385976,0
-0.981874388306584,-0.4091003428978499,0
-0.42281547944471704,0.6148871233555875,1
0.9777150365000161,-0.04775035154097689,0
-1.0398540432614751,0.15979863472609096,0
0.9572711787403935,-0.11294584000128997,0
1.115058510209709,-0.06134358269482573,0
-1.062191768989854,-0.003226842853720781,0
0.7879833940503955,0.49800713816097597,1
-0.9688524229773327,-0.020670267330308696,0
-0.9350865575297941,0.6236108320343355,1
-0.9813174162147601,-0.042174617356028225,0
-0.9109199761031453,0.18138260264207076,0
-0.747263177494391,0.5325652710041502,1
-0.9146826011134664,0.0015850750998419299,0
-0.9912469904626022,0.35680291164818345,0
-0.8773172583755745,-0.6946901271222331,1
0.9665584869218766,-0.12256022335609146,0
-0.9549420456240938,0.7137612234364809,1
-0.930378414486665,-0.0327480001107473,0
1.0695549209268578,-0.0399509963894277,0
0.789745917151265,-0.7094446047552999,1
-1.0142218016689328,0.024607682751962956,0
0.8814148341735473,-0.7107060171452386,1
-1.0184370607203665,-0.24827394948241577,0
-1.094964614391498,-0.17385944672952175,0
-0.8887662314317237,0.1814518031929497,0
-0.6865891660581808,-0.8327991970044146,1
0.890044272977869,0.06802561335547197,0
-0.8910612526224939,0.8561656639657544,1
-0.8469476995701869,-0.8488092933712901,1
0.7170694996190665,0.6438965875483161,1
0.8026549279597539,-0.08798192335242289,0
0.8796313139732658,-0.04212203376136846,0
0.9884044116779092,0.7546387130108455,1
0.8091054214184972,-0.073240026179223,0
1.08603449569743,0.025187191797309383,0
-1.221534763073161,-0.08447954123335298,0
-0.6458648558090209,0.8409117532167352,1
0.892846077045896,0.15223933272100093,0
-0.6843337335844738,0.8147556246851045,1
0.8680505790249431,-0.0383964246288004,0
-1.1537810098696428,0.006425070840575095,0
1.0018881405191842,-0.04725603731667569,0
0.8616843576367399,-0.009181560964532104,0
1.0202498421373183,0.03759219083245449,0
-0.605575446791587,-0.4656152541771782,1
0.6098738621756108,-0.8038632612146006,1
-0.9544338569104248,-0.028575582780378504,0
0.7616620774175609,0.6003600454217757,1
0.9504168721028923,-0.11805700631349927,0
0.9272792769561943,-0.03684110295340883,0
1.1553302125390297,0.028938042163583345,0
-1.293834768925998,-0.20072886102967494,0
-1.184177862089705,-0.02851512756858808,0
0.6905044522884702,-0.7887020152386179,1
1.0855130916326794,-0.016743323688139928,0
0.9131094374248122,-0.16006470319451177,0
0.8046949375276231,0.8452580950650043,1
-0.9400841356011157,0.15192695531194106,0
-0.969537950029383,0.3134976747893132,0
0.5928209393880244,0.548964969942276,1
0.9210251512297745,0.00535903270720546,0
0.6964163233806616,-0.6889754493062491,1
0.5050871150482337,0.6342381714754279,1
1.276689290051423,0.11945005467031193,0
-0.7134103203754599,0.6380562202637919,1
1.2527735890804017,0.0615530395137708,0
-1.095860435571175,-0.09251314393987757,0
-1.100630002329146,-0.15953801486183003,0
0.5388418099959879,-0.6233289406430514,1
-1.0599328824664638,-0.047927454797428104,0
-0.7934297752638142,0.08191109470515157,0
0.6615191477055513,-0.839927943086712,1
0.6314546078272454,-0.7265986276938015,1
0.9270360460170043,-0.14162147390368374,0
0.7609439185819675,0.7882535177473935,1
0.8227729354414195,0.04415700074824373,0
0.8075551190294792,0.5861529705249522,1
0.7186641743019214,0.629166139981123,1
-1.0464568981805724,0.004482873697029479,0
-0.9470214979721706,-0.12838216866329719,0
-0.5860018594564969,-0.5299532864627495,1
0.6991765653627489,-0.5614735001930079,1
1.0274128932874846,0.026940994753566067,0
0.7380157342328514,0.8203277253631142,1
-0.5847160651837142,0.640574320978869,1
-0.9000302455870308,0.156949312854946,0
0.9660255449517086,0.13317388280054712,0
1.0981476800783654,0.1449375653486646,0
-0.5583324008454941,-0.6306010022320192,1
0.7466902577737735,-0.20327330346405156,0
-1.2192516888651301,0.037046980925167235,0
0.9370738273828295,-0.008419492495210982,0
0.6624389919506565,0.7102968578918176,1
0.6427442623448092,-0.5463894016391458,1
0.975401237140235,0.052783091480045306,0
0.8646882519862568,-0.16388556973730056,0
-1.061933708170557,-0.09407870923650906,0
-0.9360698361954318,-0.08443639469456456,0
0.9548237820332028,-0.8485039686409431,1
0.8464213907785343,-0.004372874076934467,0
-0.9518346798938283,-0.7150668963149979,1
0.895316926627952,0.14837336001967683,0
0.6679423185173908,-0.882512571952945,1
0.9832327563779786,0.0008213309763782447,0
-0.8843648205971751,-0.05475300089743121,0
-1.086267499431075,-0.2164243449028557,0
0.9416881034627312,-0.04152568713025445,0
-0.6747572868194066,-0.8310129670219998,1
0.6048133764476511,-0.6825697438870609,1
1.2166795832186788,0.07571615193882639,0
-0.5782006247948115,0.5339112371447183,1
1.029071208251055,-0.03097407131112681,0
0.9147081788650264,-0.8182965530558648,1
-0.6930777867137154,-0.4677161788051398,1
-0.9267965318647681,0.24758608906417479,0
1.0306164904831323,-0.09483520292092452,0
-0.4603582520405226,0.823364725989382,1
0.8308297199961471,-0.006709233250692369,0
0.6634104083992175,-0.7512825525056632,1
0.8337988466045799,-0.05239060455638962,0
-1.0691381563046922,-0.09271146385912697,0
-0.8335094740778607,-0.0796069401714467,0
-1.1128426143735413,0.104733028584373,0
-1.1028632112905303,-0.2113492395202945,0
0.7410404374249409,0.7144963826612764,1
-0.9063936453889675,-0.061752170293265504,0
1.0843032736027902,0.11700134273395958,0
-0.5297782015788228,0.8095897057704956,1
-0.9477718980325149,-0.04395904692541208,0
-0.8444944309458364,0.8124056665517131,1
0.7986877775123224,0.7406539669749553,1
-1.0335108858251039,0.036437982116387525,0
-0.7574148892774493,0.7314387809431093,1
1.0387002874115898,-0.06513659973260327,0
-0.9018290708018932,-0.9924745789519765,1
-1.0249909813714675,0.2447742540955298,0
-0.8725719345471343,-0.10948918174929068,0
1.2966939332516862,-0.0715555577179828,0
1.303007438475571,0.010524275619889169,0
0.6215707571759858,0.6325061028550255,1
-0.852095146469885,-0.05671008331707519,0
-0.8656579396496847,-1.0013588896462928,1
1.0000483733157126,-0.026518076366966355,0
0.741738680348728,0.014829827697440923,0
-1.0919393377179247,0.037702496039634485,0
0.7160178029993237,0.6688393831156323,1
0.8509581109435884,0.7081078623799544,1
1.0700383772694593,0.03809347234776624,0
-0.5675595186040598,0.6877474578452552,1
-0.802052936224497,-0.501779106966994,1
-0.930286775060076,0.01747406169638011,0
-0.6247040300821085,-0.6218971179399083,1
-0.7357694148833336,-0.6844798348439091,1
-0.8932950567261791,0.0508177151695979,0
-0.9297662211668036,-0.18633340252904987,0
-0.9250390757500382,0.12424357011860387,0
0.8967072319604933,0.005555868797575264,0
0.8036911887059316,-0.5288429287979421,1
0.8384345117554923,0.08066310605717646,0
-1.1540283150471433,-0.38921381926460374,0
0.5983932377478491,-0.6710946765462105,1
-0.6453071407312726,-0.5783028596904367,1
0.6993512363242947,-0.5951734805280149,1
1.0212501663284193,-0.0018597286133112375,0
-0.810326070182284,0.7467041201094107,1
-0.9646786164550522,0.9219021872994668,1
1.030365164467648,0.0371252214524628,0
-1.050806835198187,0.28581255611728673,0
0.9663829517577687,-0.07196342549766478,0
-1.1613620523707018,0.009474769365628714,0
-0.7628247073148522,0.698079072162616,1
-0.8143100914877511,0.693653258938707,1
0.7960039257282352,-0.7197489878959825,1
1.1717089765716437,-0.02837334540770648,0
1.0372377136894875,-0.14653218232222712,0
1.1215829457851103,0.08882832560813868,0
-0.49450641419659586,-0.876440763248101,1
0.4483813712322908,0.7792545350214984,1
-0.9295916733205283,0.5051574184179536,1
0.9609411072606302,0.08444485163915379,0
0.6577150765331606,-0.8483282416440737,1
0.8567805857398412,-0.9010589691909245,1
0.9616745652532517,0.06897327111975937,0
-1.1032975097394673,0.08670873475667745,0
-0.7886098744146972,0.10399020896789221,0
-0.8509772511251418,0.9862873412992929,1
1.2463926225483688,-0.08121248145460508,0
-1.324936293820619,0.0024272608176246655,0
-0.754524937260749,0.05464491244778109,0
-0.5350380623905766,-0.8450116229214922,1
-1.0053357446687208,0.09450150198677769,0
-0.9417756655980787,-0.017892774641446514,0
1.106900281221128,0.2815917445392268,0
1.0614486886850827,-0.06638164732505665,0
-0.8559106074210443,0.0074033590510430985,0
-0.8780199189946664,0.06502434797113787,0
-0.9578816092126488,0.8056763218237964,1
1.081859652538503,-0.010005582343984399,0
-0.5031935538103299,-0.7042601680659349,1
-1.0061719448197277,-0.11423056513009244,0
-1.018675878823174,0.041221218157724816,0
-0.7986748687028293,-0.6995369829226946,1
0.692721640312577,-0.783357963589958,1
-0.9536178830888804,0.059885683308320795,0
1.0387639641655708,-0.10350261998798539,0
-1.1313529458662803,-0.18430216585853876,0
-0.6631609939613777,-0.9499517087382646,1
-0.7762672133979963,0.1065761182575993,0
0.922747447066587,0.8660296476059306,1
-0.7133724923575125,-0.9387953460482594,1
-0.8933799386936337,0.6389235544148173,1
0.9375767406001477,-0.19203546391265985,0
-0.892108997054099,0.08489425503077391,0
-1.2267141667516468,0.10660311212100632,0
0.32361349210354245,1.0288613281876986,1
0.7578120193452669,-0.7567882735746715,1
0.5688486862960359,0.8572920838710061,1
-0.7089958086702333,-0.5662742028825261,1
-0.9747356556472632,-0.1981811839552472,0
-0.8107260319648462,-0.0627579036118646,0
-0.7619458197228031,-0.6507097059080388,1
1.1318463064292335,-0.028397374137040916,0
-0.7191402962957335,0.8852744779624624,1
1.0847642987832904,0.158435271219628,0
-0.7960409336679162,0.7258956709604304,1
-1.048935002477268,0.21765688374512668,0
0.9896960597002659,-0.16695702549597452,0
1.0107786491262591,-0.06321829145146639,0
0.7523616197777673,0.720618341854644,1
0.8399314872192987,0.010725052329235797,0
-1.0451497741152649,0.13679330583558058,0
1.0935121075355916,0.0708351026496096,0
0.6681239443414138,-0.2814857436981246,0
-0.7406393381668049,-0.719410956664888,1
0.9522472216100977,0.010622550490751094,0
-1.1216753779139066,-0.6808915704646682,1
0.8704811617671491,-0.6116188687515696,1
1.0407943682069232,-1.0297453376466323,1
-0.6520981323477716,0.6347878671743117,1
1.0996943195507038,0.23340016990042953,0
-1.0137872433531634,0.10719422670075862,0
0.9302694487394375,-0.0867393984638069,0
-1.0338882495553827,-0.21886737120727265,0
-1.0003455049650114,-0.19389586950551657,0
-0.9968853255723985,-0.04805650049121308,0
0.6859685573250105,-0.7309973490421379,1
0.7570914637600326,-0.5428019393727979,1
1.1828527078188293,-0.12832825212693424,0
-1.151198040103128,0.06152456980684308,0
1.0710367476788034,-0.0037321276597803085,0
0.9389661639384096,0.16358859381499696,0
1.2423257383448807,-0.14004812511522888,0
1.0258726086939298,-0.13300123665376784,0
-0.8844440669858173,-0.21884445577622944,0
1.1736192176213658,-0.057231512158717586,0
0.796593297220552,-0.6449801079257078,1
-0.9590629823936923,0.09488530858689234,0
-0.9533668241363883,0.13470965711213145,0
-0.66193439519552,-0.822375647154431,1
0.9575237212498682,0.08611525223091408,0
1.0130307588379441,-0.10958274454901776,0
-0.8959244847212671,0.031734212940771875,0
-0.5408001721887676,-0.6850791857710122,1
-0.749843168115891,-0.4589319392442538,1
-0.7196875620360367,-0.43657103139049386,1
-0.6456225831474758,0.7989728104857547,1
0.8734180895584708,0.11750889385642403,0
-0.5116134126095476,0.6052943057484351,1
-0.6177833153088694,0.7085846010689648,1
-0.8269465483869656,-0.6600182907804975,1
1.0041768609688273,-0.0966406558328355,0
-0.9257619159610112,0.080930746832971,0
0.8022022669602785,0.7000815431260333,1
0.7029934712901869,0.7083929245234729,1
-1.0929281420247052,-0.10877384684165188,0
-0.9411172502191821,-0.11991420452075195,0
-1.0685817903058774,0.16333855060155913,0
0.5594585815982638,-0.7245430405146777,1
1.173001960750693,-0.04524590743866607,0
-0.7371771765759396,1.012579139816393,1
-1.0081597843761296,-0.05214440796055546,0
0.876359505033205,-0.6386933392720507,1
0.7503041755905624,-0.8201405490681108,1
-0.7944104203704448,-0.5907835058383574,1
-0.6052228933445496,0.7586951473545939,1
0.9505716303939304,0.7888556587981702,1
0.9396934552271218,0.18766592467880078,0
-1.1447319515286678,-0.0881009546935825,0
-0.713945655038509,-0.6548577926040131,1
-1.0204068690596213,0.08108002683282733,0
1.0331945379418,0.06582787656272088,0
1.0775388184061394,0.04916086109485859,0
0.9528613072085831,-0.15990485182200476,0
-0.7932087156256293,-0.6993033946597251,1
-1.1127902104403966,-0.12360474180062682,0
-0.7527056430313669,-0.6948652798353401,1
0.619346270493137,0.7231272195687302,1
0.8228648089741353,0.8099148560010498,1
0.6672240022851489,-0.8510414202431181,1
0.9698599169923382,-0.1231887111428126,0
0.980576071279939,0.09925421317219776,0
1.1235497398240557,0.06637145190254694,0
0.7480229115931729,-0.8451123231926068,1
0.9606694633729274,0.6868787426322638,1
1.0536566990595602,-0.07917723044438423,0
0.6422385602975379,-0.9258673458354401,1
-0.5842373260692266,0.6020787949373501,1
-0.6446759894253961,0.5285261140192504,1
0.9869347545356936,-0.11266959926403747,0
-0.9701140941938905,0.06533873620437655,0
0.7313448165815662,0.8137223186271711,1
-0.7667291809566231,-0.6852065228054217,1
-0.710635544967951,-0.8258462024848416,1
0.9829060007976899,0.09834446347103434,0
0.6309762217986883,-0.7150450005168715,1
0.6435001384984669,-0.6316588328235831,1
1.003321198427204,-0.008282899446630514,0
0.6617056192909834,0.733152692338941,1
-0.7337457252877512,0.6174775610746907,1
-0.7471587480350579,-0.8618490967616258,1
-0.5922202534606802,0.6887343872983724,1
-0.8124517208099762,-0.6373439480082452,1
-0.6948064059583112,0.5991413580930186,1
-0.9910301639545481,-0.09118237465830825,0
-1.0810162741909348,0.009068009360262187,0
-0.778104248476313,0.08614265013539978,0
-0.7415593569093926,0.7718726001047023,1
0.7538925582757731,0.6118585352427908,1
0.6067041590736819,-0.5556744763015439,1
-1.1578982225593086,-0.2608911349983106,0
-0.8419193104315947,0.7730977177576553,1
-0.9560585247756386,0.10195558073472417,0
-0.5994233126531481,-0.6474175525137467,1
0.7438099737475429,-0.5897557144463643,1
-1.0242779382002967,0.19492468391938414,0
1.028171098026349,0.11511988562272023,0
1.0407142311705642,-0.013949315254415773,0
0.8503916541418739,0.804328365775331,1
-0.4974282522996355,-0.8328231450885627,1
0.924562660463376,-0.5871630558170375,1
-0.6583551010966757,0.789475381571226,1
1.0327746125879729,-0.0022432602140708283,0
0.588979249813637,0.6769422442955733,1
0.9144828897649179,-0.95606912929439,1
0.9340481340042811,-0.6075534613758001,1
0.7642352253084208,-0.5163420151049023,1
-0.6574320210791321,-0.6843016918220973,1
0.5510163450690944,-0.785345061079134,1
-0.7396156918000919,0.7977578569202907,1
-0.8980910804033427,-0.07792411489553268,0
-0.6129400820641504,0.683073642902786,1
-0.7071633972634053,-0.8437096641236943,1
-0.4843345859571956,-0.9267822874750438,1
0.8033675797542298,0.8516212332858664,1
-1.1020311801032727,0.039187243173598924,0
0.7878287638834001,-0.07810140251224781,0
0.8819570050665159,-0.09160942743151593,0
-0.830581487807584,-0.5043556318445186,1
0.8681764022980129,0.09344615440963391,0
-0.8275323549773171,0.6470663930689982,1
-0.8312933391440517,0.6163908183309965,1
-1.1383046347306955,-0.03231377489583527,0
-0.8482490700645864,0.6764824267548325,1
-0.7746118480800542,0.6969420500876403,1
-0.8387314673955647,-0.07106866688899889,0
-0.8400211642619478,-0.7861214953669129,1
-0.7608297924570456,-0.5993682316576552,1
-0.9374770586433655,0.49585280742151094,1
0.8145717603070247,0.24476778145021852,0
0.899123090568319,0.6558357739479564,1
0.7261445074248396,-0.7356269643814226,1
-1.2144246474537288,-0.3148007185518554,0
0.7743488100252579,0.6564181368084657,1
0.9892790968190498,0.02383655518202165,0
-0.6252075847948526,0.4533424756107295,1
1.005797501587157,0.045476209708673505,0
-1.219556495416132,0.01977743456411731,0
1.0744747818412002,0.08185543931936638,0
1.1582489031192869,0.17615006211834539,0
-1.0794524139157804,0.05561931907528934,0
1.0992991969395258,0.08217525854314722,0
1.0300411885746978,-0.02196722632244228,0
-0.6142412120856406,0.7687840886686842,1
-0.651892424185422,-0.7730408891427952,1
-0.5525089530223923,-0.693875618914369,1
0.9849715408727596,-0.03229108736167253,0
0.628857373790256,-0.5663589932610771,1
0.8841796821212277,-0.08242186309029886,0
-0.7803976543162527,0.042925537881493725,0
0.6387611441165001,-0.6028728499553775,1
-1.105047611557471,0.30579629602288194,0
0.9198926276783119,-0.10616261345307475,0
0.9330712455484318,0.6461989166068535,1
-0.6091777262927998,-0.6690544705993826,1
-1.038241215666118,0.04083061835002543,0
1.1805596249471062,0.13371021012753645,0
-1.0546433230938506,0.007639607427785502,0
0.6708373859825036,0.7366496731679891,1
1.1282136917639642,0.0365528660026631,0
-0.8808057099234946,0.046566458730961276,0
1.0651056050234284,-0.09001388920334807,0
-0.8062514063449079,-0.8058552229379314,1
0.95440153810284,0.6555990043879177,1
1.3419877013697323,0.0841674058461005,0
0.7133984698965998,-0.5930020232844336,1
-0.7768959412703051,-0.6432524283282506,1
0.4139769674099826,-0.689036403076482,1
-0.7476796262515094,0.6580180931321304,1
0.9167794557074914,-0.04053533764191677,0
-0.5908405887844257,0.6692392987533942,1
0.9175551125054658,0.018335608679290512,0
1.0323659900822693,0.11791351257977462,0
-0.9360760828514544,-0.0797484839538926,0
0.8300653145033967,0.042461704254891305,0
0.6648134313389029,0.14328569071163175,0
0.9933696893961168,-0.002697051576945514,0
0.6562193987864159,0.7035425487501176,1
-0.997982521034865,-0.07637973263983794,0
-1.2643470559723404,0.039043925707392645,0
-0.8439086873215694,0.042334305578095456,0
0.6095045864188368,-0.8948458422882002,1
0.6269683294762463,0.8183955868721299,1
-1.1751958924123591,-0.003138270755491134,0
0.7040872687829665,0.09684428169808648,0
-0.9148163266635196,0.18992788024395976,0
1.05286410270339,0.0023677294126230384,0
-0.9696776751794403,0.028196985591736033,0
-0.7464353813978893,0.5062359159860309,1
-1.007887033045966,-0.27204450662595486,0
-0.9534479651074037,0.005195470298974977,0
-0.9550865550556025,0.012753578875645034,0
-0.5603370749235062,0.7046248189098762,1
-0.7405875176539144,-0.06001697895196911,0
-0.6441497397095044,0.6207053854593279,1
0.6328007200535238,-0.6526557366098696,1
-1.0585272944132327,0.6445043442277194,1
0.8453984027677628,0.7333021801956898,1
-1.0774455687154152,-0.06301015562462887,0
0.6096388744146511,0.9278729892575518,1
0.6385044155728816,-0.6813271845936516,1
-1.142906427061111,-0.11661506009383844,0
0.9916961489914912,0.1750037990566273,0
-0.5771223264790304,0.763047629587695,1
0.9892072925217072,-0.12164045753072683,0
0.6135365492299933,0.8433993700885773,1
-0.8473723597894457,0.8893459525420204,1
0.8424633021660013,0.7307428932699336,1
-1.0692720959928521,-0.0004386855755152227,0
0.7464552948516876,-0.659000198059835,1
0.7470085120520702,0.9301169161503522,1
0.8644352951024585,0.7588343558237033,1
0.8086834238500406,-0.6926381571999279,1
1.1491849334448823,-0.10844873920944298,0
-0.9542829589978686,-0.17513311961705777,0
-0.9938959340423502,-0.02293704902911461,0
1.1536774554883142,-0.17180602278233478,0
-0.6201116266944522,-0.600692602192723,1
-1.0296051781850426,0.12121726624920202,0
0.6540926323531786,-0.8101369783195506,1
0.6436353734162765,0.7350484526969271,1
-0.686421711902681,0.7649758490487943,1
0.8217668838844621,0.6323479735037255,1
-0.5306228974385001,-0.8121947480983103,1
-0.6292724924927069,0.7787405693249538,1
-0.6710407358926244,-0.8259856387533524,1
-0.8983632741051841,0.5575399210857214,1
1.0933792913410412,-0.14912693045266062,0
1.0461370381305806,0.32960669524724845,0
-0.6989666823402263,0.6296520677867323,1
-0.8357157427225688,-0.055935250246641206,0
-1.0386928727423483,0.11277822474384638,0
0.8533075490099954,0.28192137420738017,0
0.986449277966307,-0.07502207805351573,0
-0.8766347302891775,0.48876210995021385,1
0.9504323774042105,0.21881676098192374,0
-0.5651048476458294,-0.8907633213536122,1
0.5406404127562138,-0.6122764508410538,1
0.4619171463406756,0.6509977396285809,1
-0.9597153030568136,0.056152460266417493,0
1.031218372907319,-0.03169187953192361,0
-1.140773419760293,-0.11530748543597777,0
-0.7874010384162855,-0.705900119530546,1
-0.7095257145850469,-0.7719113506890489,1
0.57853757988878,0.48668035262201004,1
-0.9079071715962499,0.23179144117031752,0
-1.1081323097506712,-0.020859689364404223,0
-0.6943454062180698,0.8288589015558655,1
-0.7585095832201258,-0.61568629673055,1
-0.5717812772306401,0.4607015675574714,1
0.5226919275410171,0.42487655951556275,1
-1.023772130309829,0.06768693328941902,0
0.9328941945272159,0.7410382149409813,1
0.6516666122967096,0.8363437821512164,1
0.7830601558836584,-0.6534832879509911,1
0.679288943888729,0.9461819011724049,1
0.706088349949411,-0.7007610684465563,1
-0.9918921464738666,0.12575084275998186,0
0.8077610642231978,0.6404107914960979,1
-0.6086407219235382,-0.45956019523997793,1
-0.9792143461168257,-0.29683810353933693,0
0.685302580132351,0.8768976119188334,1
-0.8085134293771367,0.6534837397638794,1
0.8659198333416467,0.5718811258415452,1
-1.0546991164147288,0.13512341276701406,0
1.0437770805369875,0.009465776446922,0
1.1138557236628928,-0.13755662838714333,0
-0.9024162958959288,-0.7908147037402224,1
0.6740033541367361,0.8571377019211046,1
-0.5159672216051402,-0.7285462965791463,1
1.076555648196196,0.10208362479567104,0
-0.5679307690175739,0.7037150181239697,1
0.8037583921146081,0.7918164942743626,1
0.7060903268799199,-0.773427734000957,1
1.0163823270310186,-0.14512070812278305,0
-1.0270190534276127,0.829289265661017,1
0.6359939409052152,-0.8309128684099839,1
0.8547495965054781,0.7064599825762803,1
-0.7928418588440457,0.08231080151170506,0
-1.2924235730195124,0.11809545344616139,0
1.0695859908235892,0.04448155175791167,0
